{"intents": [
  {
    "tag": "opening",
      "patterns": [
      "Hi",
      "Hey",
      "How are you",
      "Is anyone there?",
      "Hello"
    ],
    "responses": [
      "Hey :-)",
      "Hello, thanks for visiting",
      "Hi there, what can I do for you?",
      "Hi there, how can I help?"
    ]
  },
  {
    "tag": "goodbye",
    "patterns": ["Bye", "See you later", "Goodbye"],
    "responses": [
      "See you later, thanks for visiting",
      "Have a nice day",
      "Bye! Come back again soon."
      ]
  },
  {
    "tag": "thanks",
    "patterns": ["Thanks", "Thank you", "Thats helpful", "Thanks a lot!"],
    "responses": ["Happy to help!", "Any time!", "My pleasure"]
  },
  {
    "tag": "timings",
    "patterns": ["what is the timings","when are you open", "working hours", "when do you close", "when do you open",
                 "When can we come"],
    "responses": ["we are open from 6 am to 10pm"]
  },
  {
    "tag": "fees",
    "patterns": ["what is the fees","how much for one month","how much do you charge","how much to pay"],
    "responses": ["The fees is 1000rs per month", "You can pay 1000rs per month"]
  }
]}